Here is the solution with Comparator:
"Let's assume your elements are stored in an array. Now indices contains the indices of the array, in their sorted order. You can convert that back to an int[] with a straightforward enough for loop."
A look at the API and it says you have to sort the array first So:
"You can use java.util.Arrays.binarySearch to find an element in an array or to check for its existence: Be aware that for binarySearch to work correctly, the array needs to be sorted. Hence the call to Arrays.sort() in the example. If your data is already sorted, you don't need to do that. Thus, this isn't strictly a one-liner if you need to sort your array first. Unfortunately, Arrays.sort() does not return a reference to the array - thus it is not possible to combine sort and binarySearch (i.e. Arrays.binarySearch(Arrays.sort(myArray), key)) does not work). If you can afford the extra allocation, using Arrays.asList() seems cleaner."
"Solution 1: sort the arrays by the second element, and then sort the arrays by the first element. Since Arrays.sort is stable, that's equivalent to first comparing by the first element, then the second.Solution 2: modify your comparator as follows: or, with Guava (disclosure: I contribute to Guava), you can just write the comparator as"
"You can do it using Arrays.sort or Collections.sort depending on whether your outer collection is an array or a List, with a custom comparator: Just write a custom comparator in double[]. Given the object oriented-ness of Java, that will be a class you write implementing Comparator. There's a similar solution involving Comparable, if you're willing to (you may not be) wrap your double[] in some wrapper class LexicalDouble, with the specified comparison method."
For storing binary data like images you can use GridFS or implement your own realization; Download the driver and look at src/test/com/mongodb/gridfs/GridFSTest.java ;) Edit: you are lucky today! I made complete code for you;) Enjoy!
"DBCollection.insert accepts a parameter of type DBObject, List<DBObject> or an array of DBObjects for inserting multiple documents at once. You are passing in a string array. You must manually populate documents(DBObjects), insert them to a List<DBObject> or an array of DBObjects and eventually insert them. The above snippet is essentially the same as the command you would issue in the MongoDB shell:"
"From javadoc: if corePoolSize, or keepAliveTime less than zero, or if maximumPoolSize less than or equal to zero, or if corePoolSize greater than maximumPoolSize. So they can also be equal. I have also tried constructing with equal values and it works. Maybe the source code can help you find out what the problem is:"
"It's not java that's creating too many threads, you are! Don't create an executor each time you call a function. If you have 100 collections with 100 elements each, you will create 10000 threads - that is very resource-consuming... And pointless. You have, most likely, 8 cores - just create one executor with 8 threads and use it everywhere. Your code will work faster and your app will consume less, much much less resources. Familiarize yourself with this code review singleton executor question. You may be able to use that solution in your app."
"Use a java.util.concurrent.ThreadPoolExecutor with a corePoolSize of 0 and a keepAliveTime of 0. This will make new tasks spawn a new thread, and threads will be killed immediately after tasks are terminated. For example:"
"Actually you can do it, but its non-obvious: Create a new ScheduledThreadPoolExecutor In the constructor set the core threads to the maximum number of threads you want set the keepAliveTime of the executor and at last, allow the core threads to timeout"
"You could package your angular application in the same application as your REST backend API. For example, if you package your REST api within a .war package, you could put your anglar application files (html pages, js scripts, ...) in your WAR package root, and your REST resources in WEB-INF/lib directories packaged as JAR files. See WAR packaging details here. Then to query your REST api, you just have ton provide the resource URI, not the base URL (including webapp context), as angular app belongs to the webapp which also exposes your REST api. For example, if you want to get one of your resource, you can do like this with angular: (with your REST API using 'rs' path in application config and using $http angular service)"
"Your method is called findAll but accepts PUT. That is not how RESTful services are build. I guess you want to GET all instances of some type of Resource. In a RESTful service, Resources have no relation to Java Classes. So if you want a generic findAll GET method, do something like this:"
"Reference : http://en.wikipedia.org/wiki/Representational_state_transfer Sometimes, some organization might show little difference, Between REST API and Restful web services. For eg, Rest API might be common for everyone to use the data with same endpoint. Restful web services may comes with custom modification for specific requirement and endpoint will be different."